Domain,Status,Attractiveness,Demand,Length,Sectors,Created,Expires,Registrar
one.financial,resell,132,44%,3,"Business,General,Media,Technology",15/11/2024 15:15,15/11/2027 15:15,Dynadot Inc
second.financial,available,120,23%,6,"General,Mathematics",,,
flat.financial,available,116,24%,4,"Construction,Real Estate",,,
eight.financial,available,102,23%,5,"General,Mathematics",,,
eighth.financial,available,100,6%,6,Mathematics,,,
ninth.financial,available,100,9%,5,Mathematics,,,
sixth.financial,available,100,8%,5,Mathematics,,,
crack.financial,available,100,20%,5,Sports,,,
twentieth.financial,available,92,3%,9,Mathematics,,,
nought.financial,available,92,4%,6,Mathematics,,,
leash.financial,available,90,7%,5,"General,Health and Fitness,Retail",,,
sixteen.financial,available,88,11%,7,Mathematics,,,
three.financial,available,88,24%,5,Mathematics,,,
fifteen.financial,available,88,13%,7,Mathematics,,,
ace.financial,available,88,34%,3,Sports,,,
twelve.financial,available,88,18%,6,"General,Mathematics",,,
hundred.financial,available,88,14%,7,Mathematics,,,
ten.financial,available,88,28%,3,"General,Mathematics",,,
xix.financial,available,86,11%,3,Mathematics,,,
xiv.financial,available,86,12%,3,Mathematics,,,
nineteen.financial,available,84,8%,8,Mathematics,,,
seventeen.financial,available,84,7%,9,Mathematics,,,
thirteen.financial,available,84,10%,8,Mathematics,,,
thousand.financial,available,84,8%,8,Mathematics,,,
twentytwo.financial,available,84,11%,10,Mathematics,,,
fourteen.financial,available,84,8%,8,Mathematics,,,
decade.financial,available,82,10%,6,Mathematics,,,
dozen.financial,available,82,10%,5,Mathematics,,,
fivesome.financial,available,82,1%,8,Sports,,,
trio.financial,available,80,21%,4,Entertainment,,,
forty.financial,available,80,9%,5,Mathematics,,,
seventh.financial,available,80,10%,7,Mathematics,,,
twenty.financial,available,80,12%,6,Mathematics,,,
first.financial,expiring,80,36%,5,"General,Mathematics",28/08/2015 01:51,28/08/2025 01:51,"Global Domains International, Inc. DBA DomainCostClub.com"
two.financial,available,80,24%,3,Mathematics,,,
twentysix.financial,available,78,8%,10,Mathematics,,,
sixtynine.financial,available,78,8%,10,Mathematics,,,
thousandth.financial,available,76,1%,10,Mathematics,,,
hundredth.financial,available,76,1%,9,Mathematics,,,
thirteenth.financial,available,76,4%,10,Mathematics,,,
firstrate.financial,available,76,6%,10,Business,,,
nineteenth.financial,available,76,3%,10,Mathematics,,,
threed.financial,available,76,7%,7,Technology,,,
fourteenth.financial,available,76,1%,10,Mathematics,,,
fifteenth.financial,available,76,2%,9,Mathematics,,,
eighteen.financial,available,76,7%,8,Mathematics,,,
single.financial,available,74,19%,6,Sports,,,
eightieth.financial,available,72,1%,9,Mathematics,,,
trey.financial,available,72,14%,4,Sports,,,
ternary.financial,available,72,7%,7,Mathematics,,,
ninetieth.financial,available,72,1%,9,Mathematics,,,
liv.financial,available,72,27%,3,Mathematics,,,
sixtieth.financial,available,72,1%,8,Mathematics,,,
seventieth.financial,available,72,1%,10,Mathematics,,,
tiptop.financial,available,70,24%,6,Fashion,,,
sevener.financial,available,68,1%,7,Mathematics,,,
ane.financial,available,68,12%,3,Mathematics,,,
fiftieth.financial,available,68,0%,8,Mathematics,,,
threesome.financial,available,68,5%,9,Entertainment,,,
septenary.financial,available,68,1%,9,Mathematics,,,
ennead.financial,available,68,5%,6,Mathematics,,,
foursome.financial,available,68,4%,8,Sports,,,
fortieth.financial,available,68,0%,8,Mathematics,,,
octonary.financial,available,68,1%,8,Mathematics,,,
thirtieth.financial,available,68,1%,9,Mathematics,,,
xxv.financial,available,66,6%,3,Mathematics,,,
xvii.financial,available,66,5%,4,Mathematics,,,
five.financial,available,66,26%,4,Mathematics,,,
xviii.financial,available,66,5%,5,Mathematics,,,
tenner.financial,available,66,5%,6,Finance,,,
century.financial,resell,66,17%,7,Education,30/06/2020 01:38,30/06/2026 01:38,Dynadot Inc
sextet.financial,available,66,1%,6,Entertainment,,,
thirty.financial,available,66,8%,6,Mathematics,,,
xxii.financial,available,66,6%,4,Mathematics,,,
clv.financial,available,66,10%,3,Mathematics,,,
ninety.financial,available,66,11%,6,Mathematics,,,
xxi.financial,available,66,10%,3,Mathematics,,,
onec.financial,available,66,6%,5,Mathematics,,,
latest.financial,available,66,18%,6,Technology,,,
deuce.financial,available,66,9%,5,Sports,,,
xii.financial,available,66,10%,3,Mathematics,,,
xxvi.financial,available,66,3%,4,Mathematics,,,
xvi.financial,available,66,5%,3,Mathematics,,,
fifty.financial,available,66,12%,5,Mathematics,,,
xiii.financial,available,66,9%,4,Mathematics,,,
acappella.financial,available,66,6%,10,Entertainment,,,
eighty.financial,available,66,6%,6,Mathematics,,,
longdozen.financial,available,62,2%,10,Mathematics,,,
chiliad.financial,available,62,2%,7,Mathematics,,,
twodozen.financial,available,62,1%,9,Mathematics,,,
eighteenth.financial,available,62,1%,10,Mathematics,,,
quartet.financial,available,62,7%,7,"Arts,Entertainment",,,
fortyfour.financial,available,62,6%,10,Mathematics,,,
sixteenth.financial,available,62,1%,9,Mathematics,,,
eleventh.financial,available,62,5%,8,Mathematics,,,
troika.financial,available,62,8%,6,Politics,,,
sixty.financial,available,60,13%,5,Mathematics,,,
tertiary.financial,available,60,4%,8,Education,,,
eightysix.financial,available,60,7%,10,Mathematics,,,
cxv.financial,available,60,4%,3,Mathematics,,,
cxx.financial,available,60,10%,3,Mathematics,,,
clxxx.financial,available,60,1%,5,Mathematics,,,
cxxx.financial,available,60,4%,4,Mathematics,,,
xcl.financial,available,60,5%,3,Mathematics,,,
clxv.financial,available,60,1%,4,Mathematics,,,
clxxv.financial,available,60,1%,5,Mathematics,,,
clx.financial,available,60,10%,3,Mathematics,,,
cxl.financial,available,60,7%,3,Mathematics,,,
clxx.financial,available,60,3%,4,Mathematics,,,
cxxxv.financial,available,60,2%,5,Mathematics,,,
cxxv.financial,available,60,1%,4,Mathematics,,,
cxlv.financial,available,60,2%,4,Mathematics,,,
thou.financial,available,60,7%,4,Mathematics,,,
pentad.financial,available,58,2%,6,Mathematics,,,
cypher.financial,available,58,29%,6,Mathematics,,,
centesimal.financial,available,58,1%,10,Mathematics,,,
eighter.financial,available,58,2%,7,Mathematics,,,
alacarte.financial,available,58,11%,10,Food and Beverage,,,
twelfth.financial,available,58,2%,7,Mathematics,,,
heptad.financial,available,58,1%,6,Mathematics,,,
sixer.financial,available,58,5%,5,Sports,,,
hexad.financial,available,58,4%,5,Mathematics,,,
sixtyone.financial,available,58,3%,9,Mathematics,,,
seven.financial,available,58,36%,5,Mathematics,,,
tetrad.financial,available,58,5%,6,Mathematics,,,
fifth.financial,available,58,12%,5,Mathematics,,,
octad.financial,available,58,5%,5,Mathematics,,,
sextuplet.financial,available,58,1%,9,Healthcare,,,
seventy.financial,available,58,7%,7,Mathematics,,,
fourscore.financial,available,58,4%,9,Mathematics,,,
fourth.financial,available,58,13%,6,Mathematics,,,
lxxx.financial,available,58,2%,4,Mathematics,,,
niner.financial,available,58,5%,5,Mathematics,,,
xxxii.financial,available,56,1%,5,Mathematics,,,
xxxi.financial,available,56,9%,4,Mathematics,,,
thirtyone.financial,available,56,5%,10,Mathematics,,,
thirtysix.financial,available,56,5%,10,Mathematics,,,
xxxiii.financial,available,56,2%,6,Mathematics,,,
xlvii.financial,available,56,2%,5,Mathematics,,,
xxxvii.financial,available,56,2%,6,Mathematics,,,
xxxvi.financial,available,56,1%,5,Mathematics,,,
fortynine.financial,available,56,3%,10,Mathematics,,,
fiftysix.financial,available,56,4%,9,Mathematics,,,
xxxv.financial,available,56,4%,4,Mathematics,,,
xlii.financial,available,56,5%,4,Mathematics,,,
liii.financial,available,56,4%,4,Mathematics,,,
fiftyone.financial,available,56,7%,9,Mathematics,,,
lviii.financial,available,56,1%,5,Mathematics,,,
aone.financial,available,56,15%,5,Food and Beverage,,,
lvi.financial,available,56,8%,3,Mathematics,,,
xliii.financial,available,56,1%,5,Mathematics,,,
xlv.financial,available,56,6%,3,Mathematics,,,
xxvii.financial,available,56,3%,5,Mathematics,,,
fiftyfour.financial,available,56,3%,10,Mathematics,,,
xxiii.financial,available,56,5%,5,Mathematics,,,
xxiv.financial,available,56,5%,4,Mathematics,,,
xxviii.financial,available,56,1%,6,Mathematics,,,
thirtytwo.financial,available,56,5%,10,Mathematics,,,
lvii.financial,available,56,1%,4,Mathematics,,,
xli.financial,available,56,5%,3,Mathematics,,,
fortysix.financial,available,56,3%,9,Mathematics,,,
fiftyfive.financial,available,56,7%,10,Mathematics,,,
ilx.financial,available,56,5%,3,Mathematics,,,
xxxiv.financial,available,56,1%,5,Mathematics,,,
xxix.financial,available,56,4%,4,Mathematics,,,
fiftytwo.financial,available,56,6%,9,Mathematics,,,
lii.financial,available,56,7%,3,Mathematics,,,
fortytwo.financial,available,56,17%,9,Mathematics,,,
fortyone.financial,available,56,4%,9,Mathematics,,,
fiftynine.financial,available,56,4%,10,Mathematics,,,
xlviii.financial,available,56,1%,6,Mathematics,,,
xlvi.financial,available,56,3%,4,Mathematics,,,
halfdozen.financial,available,56,1%,10,Mathematics,,,
xliv.financial,available,56,2%,4,Mathematics,,,
xxxviii.financial,available,56,1%,7,Mathematics,,,
quaternity.financial,available,54,4%,10,Mathematics,,,
threescore.financial,available,54,1%,10,Mathematics,,,
twoscore.financial,available,54,2%,8,Mathematics,,,
quatern.financial,available,54,2%,7,Mathematics,,,
deuceace.financial,available,54,2%,9,Sports,,,
vii.financial,available,54,13%,3,Mathematics,,,
viii.financial,available,54,6%,4,Mathematics,,,
topnotch.financial,available,54,18%,8,Business,,,
fortyfive.financial,available,54,4%,10,Mathematics,,,
quaternion.financial,available,54,6%,10,Mathematics,,,
ixl.financial,available,52,9%,3,Mathematics,,,
xciv.financial,available,52,2%,4,Mathematics,,,
xci.financial,available,52,4%,3,Mathematics,,,
lxxxiv.financial,available,52,1%,6,Mathematics,,,
ninetyone.financial,available,52,5%,10,Mathematics,,,
ninetysix.financial,available,52,4%,10,Mathematics,,,
lxxxvi.financial,available,52,1%,6,Mathematics,,,
lxxv.financial,available,52,1%,4,Mathematics,,,
ixc.financial,available,52,5%,3,Mathematics,,,
xciii.financial,available,52,1%,5,Mathematics,,,
lxxi.financial,available,52,1%,4,Mathematics,,,
lxvii.financial,available,52,1%,5,Mathematics,,,
sixtytwo.financial,available,52,3%,9,Mathematics,,,
xcii.financial,available,52,2%,4,Mathematics,,,
ninetytwo.financial,available,52,4%,10,Mathematics,,,
sixtyfive.financial,available,52,3%,10,Mathematics,,,
lxxxi.financial,available,52,1%,5,Mathematics,,,
eightyone.financial,available,52,3%,10,Mathematics,,,
sixtysix.financial,available,52,4%,9,Mathematics,,,
lxv.financial,available,52,5%,3,Mathematics,,,
eightytwo.financial,available,52,4%,10,Mathematics,,,
lxxvi.financial,available,52,1%,5,Mathematics,,,
lxiv.financial,available,52,3%,4,Mathematics,,,
lxii.financial,available,52,1%,4,Mathematics,,,
xcvii.financial,available,52,1%,5,Mathematics,,,
lxxiii.financial,available,52,1%,6,Mathematics,,,
sixtyfour.financial,available,52,3%,10,Mathematics,,,
lxxxv.financial,available,52,1%,5,Mathematics,,,
lxxiv.financial,available,52,1%,5,Mathematics,,,
lxxxiii.financial,available,52,1%,7,Mathematics,,,
xcviii.financial,available,52,1%,6,Mathematics,,,
lxvi.financial,available,52,3%,4,Mathematics,,,
lxxvii.financial,available,52,2%,6,Mathematics,,,
lxxii.financial,available,52,1%,5,Mathematics,,,
lxi.financial,available,52,5%,3,Mathematics,,,
lxxxvii.financial,available,52,1%,7,Mathematics,,,
xcvi.financial,available,52,2%,4,Mathematics,,,
xcv.financial,available,52,7%,3,Mathematics,,,
lxxxii.financial,available,52,1%,6,Mathematics,,,
lxviii.financial,available,52,1%,6,Mathematics,,,
lxiii.financial,available,52,2%,5,Mathematics,,,
triplet.financial,available,50,8%,7,Science,,,
cinque.financial,available,50,7%,6,Mathematics,,,
lxx.financial,available,50,5%,3,Mathematics,,,
ogdoad.financial,available,50,1%,6,Mathematics,,,
lxxxviii.financial,available,48,1%,8,Mathematics,,,
quaternary.financial,available,46,3%,10,Mathematics,,,